year,month,day,consumption
2018,1,1,173.90211770833332
2018,1,2,228.72666583333333
2018,1,3,261.0676467916667
2018,1,4,245.42599420833335
2018,1,5,237.16953279166668
2018,1,6,223.08197829166667
2018,1,7,216.82170162499997
2018,1,8,266.0539494166667
2018,1,9,262.12245791666663
2018,1,10,262.75582133333336
2018,1,11,258.1771419583333
2018,1,12,259.73584958333333
2018,1,13,220.117554125
2018,1,14,191.53564295833334
2018,1,15,224.64772291666668
2018,1,16,194.86433804166666
2018,1,17,225.98428983333335
2018,1,18,232.88299400000002
2018,1,19,237.12048133333334
2018,1,20,219.21880183333334
2018,1,21,192.65389970833334
2018,1,22,225.1344835
2018,1,23,233.18370245833333
2018,1,24,221.1040885
2018,1,25,221.30513191666668
2018,1,26,219.95838395833334
2018,1,27,200.45621041666666
2018,1,28,193.96920729166666
2018,1,29,240.52610045833333
2018,1,30,222.42645120833333
2018,1,31,229.6860847083333
2018,2,1,229.79103620833334
2018,2,2,228.79579237500002
2018,2,3,186.9626046666667
2018,2,4,178.28270341666666
2018,2,5,203.4841649583333
2018,2,6,210.86233041666665
2018,2,7,222.60265291666667
2018,2,8,215.07194883333332
2018,2,9,211.82325441666669
2018,2,10,187.95160116666668
2018,2,11,171.17565887499998
2018,2,12,216.05815504166665
2018,2,13,210.71537212500002
2018,2,14,203.90214949999998
2018,2,15,211.336324625
2018,2,16,227.476384875
2018,2,17,179.084873875
2018,2,18,176.52024820833333
2018,2,19,212.49482104166668
2018,2,20,193.92914883333333
2018,2,21,191.94777070833334
2018,2,22,198.21963820833332
2018,2,23,184.39319987500002
2018,2,24,153.37865495833333
2018,2,25,155.18264545833333
2018,2,26,191.176033
2018,2,27,184.29405129166665
2018,2,28,175.13320608333333
2018,3,1,189.02640191666669
2018,3,2,195.10003491666666
2018,3,3,175.70855133333336
2018,3,4,163.19133670833332
2018,3,5,217.399891
2018,3,6,218.85732562500002
2018,3,7,210.3753825
2018,3,8,195.46573745833334
2018,3,9,193.870361375
2018,3,10,161.77511204166666
2018,3,11,157.22945133333334
2018,3,12,195.15819270833333
2018,3,13,189.535712125
2018,3,14,168.49896729166667
2018,3,15,176.34348
2018,3,16,186.98473929166667
2018,3,17,153.64696104166666
2018,3,18,148.81120479166665
2018,3,19,189.25867920833332
2018,3,20,193.93784829166668
2018,3,21,178.04919570833331
2018,3,22,174.18483808333335
2018,3,23,167.05316966666666
2018,3,24,138.94654062499998
2018,3,25,133.20823104166666
2018,3,26,171.27095633333332
2018,3,27,184.6037931666667
2018,3,28,184.39922208333334
2018,3,29,162.06457858333332
2018,3,30,142.451141375
2018,3,31,153.39538941666666
2018,4,1,148.34168574999998
2018,4,2,185.25448416666666
2018,4,3,183.9201080833333
2018,4,4,176.47651812499998
2018,4,5,179.85272779166667
2018,4,6,178.04371354166668
2018,4,7,141.56595679166665
2018,4,8,135.65705033333333
2018,4,9,169.229022125
2018,4,10,174.75669054166667
2018,4,11,165.67511366666668
2018,4,12,171.17107591304347
2018,4,13,207.121667
2018,4,14,160.21225216666667
2018,4,15,156.767479625
2018,4,16,194.79526283333334
2018,4,17,189.25555016666667
2018,4,18,192.05108854166667
2018,4,19,184.50842733333334
2018,4,20,185.49321654166667
2018,4,21,152.44433583333333
2018,4,22,133.11116604166668
2018,4,23,185.73638241666666
2018,4,24,169.20848316666667
2018,4,25,177.11196320833335
2018,4,26,169.00248095833334
2018,4,27,155.08438354166665
2018,4,28,151.58908862500002
2018,4,29,136.23092920833332
2018,4,30,170.964821
2018,5,1,136.83801579166666
2018,5,2,175.99860012500002
2018,5,3,172.7183471666667
2018,5,4,187.76588454166665
2018,5,5,156.71630866666666
2018,5,6,148.160444625
2018,5,7,176.40904650000002
2018,5,8,173.813643375
2018,5,9,177.44008891666667
2018,5,10,169.09587416666668
2018,5,11,174.76449812500002
2018,5,12,154.80284758333335
2018,5,13,163.11885441666666
2018,5,14,185.00131858333336
2018,5,15,198.0643448333333
2018,5,16,185.522168
2018,5,17,166.32814291666668
2018,5,18,176.51296775
2018,5,19,153.6968465
2018,5,20,82.67645675
2018,5,21,133.13568258333333
2018,5,22,175.37839004166668
2018,5,23,174.16757570833332
2018,5,24,169.576300375
2018,5,25,164.32542308333333
2018,5,26,136.76732804166667
2018,5,27,127.44800049999999
2018,5,28,180.41850008333333
2018,5,29,197.68995195833335
2018,5,30,195.04351845833332
2018,5,31,196.47158420833333
2018,6,1,203.78055245833335
2018,6,2,147.69761920833335
2018,6,3,141.79827341666666
2018,6,4,202.51841683333336
2018,6,5,212.28718287499998
2018,6,6,182.095922375
2018,6,7,179.07968679166666
2018,6,8,166.97001845833333
2018,6,9,146.5958665
2018,6,10,160.31358287499998
2018,6,11,198.293718625
2018,6,12,223.53250758333334
2018,6,13,208.7111015416667
2018,6,14,200.0379966666667
2018,6,15,183.709450375
2018,6,16,148.66944516666666
2018,6,17,127.57845220833333
2018,6,18,159.60409404166668
2018,6,19,168.64863158333333
2018,6,20,168.63014775
2018,6,21,181.58929566666666
2018,6,22,180.38372612499998
2018,6,23,166.53544566666667
2018,6,24,156.26152712500001
2018,6,25,192.94708949999998
2018,6,26,195.73251887499998
2018,6,27,207.07123149999998
2018,6,28,238.31873658333333
2018,6,29,245.04632858333335
2018,6,30,220.766187375
2018,7,1,205.862926875
2018,7,2,216.3113180833333
2018,7,3,244.5198581666667
2018,7,4,252.58769191666667
2018,7,5,253.931551875
2018,7,6,250.55380929166665
2018,7,7,214.653760625
2018,7,8,201.737772125
2018,7,9,235.637536375
2018,7,10,250.996881125
2018,7,11,234.39368491666667
2018,7,12,231.157554875
2018,7,13,216.49496308333335
2018,7,14,176.51897183333332
2018,7,15,165.43459754166668
2018,7,16,189.71170970833336
2018,7,17,231.08880720833335
2018,7,18,224.81867020833332
2018,7,19,229.13071795833332
2018,7,20,222.88847991666668
2018,7,21,191.68914329166668
2018,7,22,181.57769658333333
2018,7,23,232.28788162499998
2018,7,24,213.83494845833334
2018,7,25,196.47471154166666
2018,7,26,195.73424204166668
2018,7,27,219.54193620833334
2018,7,28,155.006123375
2018,7,29,148.394746
2018,7,30,231.70096095833333
2018,7,31,229.87367341666666
2018,8,1,231.60380675
2018,8,2,250.10155375
2018,8,3,242.88451883333335
2018,8,4,195.10375841666666
2018,8,5,183.36391154166665
2018,8,6,229.84180020833332
2018,8,7,210.09242691666668
2018,8,8,210.46356166666666
2018,8,9,206.01627404166666
2018,8,10,205.12432804166667
2018,8,11,164.84141616666668
2018,8,12,139.1703823043478
2018,8,13,180.50383720833335
2018,8,14,178.48315429166666
2018,8,15,161.73226775
2018,8,16,186.19954670833332
2018,8,17,173.00266820833335
2018,8,18,163.871207
2018,8,19,149.73133058333335
2018,8,20,188.70963937500002
2018,8,21,184.65785333333335
2018,8,22,191.29319783333335
2018,8,23,196.85672679166666
2018,8,24,188.97092870833333
2018,8,25,145.41557454166667
2018,8,26,145.09205066666667
2018,8,27,160.95299016666667
2018,8,28,171.83627791666666
2018,8,29,163.79932933333333
2018,8,30,171.21372983333333
2018,8,31,174.31942829166667
2018,9,1,127.03909108333333
2018,9,2,112.63810433333333
2018,9,3,147.09374670833333
2018,9,4,146.05008137500002
2018,9,5,147.79102458333332
2018,9,6,149.56385804166666
2018,9,7,159.82089070833334
2018,9,8,124.89455008333334
2018,9,9,118.70822541666666
2018,9,10,155.00917645833334
2018,9,11,142.21952966666666
2018,9,12,145.71863370833333
2018,9,13,159.34644158333333
2018,9,14,185.30102091666666
2018,9,15,156.48374204166666
2018,9,16,126.02501583333333
2018,9,17,136.82338545833332
2018,9,18,150.068136
2018,9,19,151.95663458333334
2018,9,20,184.17930608333333
2018,9,21,196.12255758333333
2018,9,22,179.94925583333335
2018,9,23,186.43066195833333
2018,9,24,195.75708654166667
2018,9,25,209.52079708333335
2018,9,26,214.03609179166665
2018,9,27,200.81749408333334
2018,9,28,200.33087325
2018,9,29,187.01504670833333
2018,9,30,193.06454787500002
2018,10,1,216.41436029166667
2018,10,2,218.829628875
2018,10,3,211.25975558333334
2018,10,4,239.34942587499998
2018,10,5,244.32661079166667
2018,10,6,219.85626820833332
2018,10,7,214.52223891666665
2018,10,8,240.1030409583333
2018,10,9,238.177600375
2018,10,10,238.60280779166666
2018,10,11,232.29941495833336
2018,10,12,221.66418958333335
2018,10,13,221.10317979166666
2018,10,14,211.34015358333332
2018,10,15,192.36719549999998
2018,10,16,244.9343169166667
2018,10,17,235.93641108333335
2018,10,18,228.7147784166667
2018,10,19,221.89044212500002
2018,10,20,216.879561125
2018,10,21,202.91123383333334
2018,10,22,238.262605625
2018,10,23,242.17691845833335
2018,10,24,227.45105741666669
2018,10,25,230.27774345833333
2018,10,26,229.78726016666667
2018,10,27,223.08760825000002
2018,10,28,247.95188316666668
2018,10,29,250.32451849999998
2018,10,30,244.52725520833334
2018,10,31,245.14694933333337
2018,11,1,217.54417704166667
2018,11,2,207.54743083333335
2018,11,3,197.52990341666668
2018,11,4,197.928313
2018,11,5,238.095954875
2018,11,6,262.50181195833335
2018,11,7,265.5633421666667
2018,11,8,275.07859095833334
2018,11,9,265.68575825
2018,11,10,225.22653216666666
2018,11,11,189.78842862500002
2018,11,12,258.7012330416667
2018,11,13,262.762369625
2018,11,14,257.1099507916667
2018,11,15,229.26489504166668
2018,11,16,215.889795875
2018,11,17,197.301562
2018,11,18,200.62788745833333
2018,11,19,243.2416006666667
2018,11,20,250.3718052083333
2018,11,21,242.30092329166666
2018,11,22,251.02313158333334
2018,11,23,261.09867645833333
2018,11,24,237.930454625
2018,11,25,234.178118875
2018,11,26,264.2165025
2018,11,27,253.27981941666667
2018,11,28,255.60248537500001
2018,11,29,236.52762983333332
2018,11,30,230.77350141666668
2018,12,1,155.28589395833333
2018,12,2,186.67752395833335
2018,12,3,211.10157454166668
2018,12,4,208.7021509583333
2018,12,5,210.04120545833334
2018,12,6,219.88450475
2018,12,7,224.61011675
2018,12,8,191.06661329166664
2018,12,9,171.93843220833332
2018,12,10,214.21464675
2018,12,11,209.39883899999998
2018,12,12,205.1313135
2018,12,13,202.07192004166666
2018,12,14,191.90792104166667
2018,12,15,174.34022566666667
2018,12,16,169.99270204166666
2018,12,17,230.35685395833332
2018,12,18,256.5578845833333
2018,12,19,256.05779308333337
2018,12,20,215.820889
2018,12,21,219.85049066666667
2018,12,22,186.63682300000002
2018,12,23,179.64085820833336
2018,12,24,215.64433433333332
2018,12,25,181.77747925000003
2018,12,26,224.20105925
2018,12,27,236.47472366666668
2018,12,28,235.412029875
2018,12,29,209.483233875
2018,12,30,188.10716558333334
2018,12,31,209.0323235
2019,1,1,177.95064275000001
2019,1,2,239.54671870833332
2019,1,3,239.64427491666666
2019,1,4,242.8408906666667
2019,1,5,196.69504637499998
2019,1,6,178.674110125
2019,1,7,208.62337370833333
2019,1,8,186.81861866666668
2019,1,9,187.74887249999998
2019,1,10,197.77872154166667
2019,1,11,192.035906875
2019,1,12,179.003489375
2019,1,13,164.008755375
2019,1,14,186.20037470833333
2019,1,15,194.13539087499998
2019,1,16,194.2826159583333
2019,1,17,189.78111916666668
2019,1,18,202.67691120833334
2019,1,19,160.52798575
2019,1,20,127.569186
2019,1,21,210.90250729166667
2019,1,22,199.55760883333335
2019,1,23,206.39255958333334
2019,1,24,209.2310095
2019,1,25,199.28562741666667
2019,1,26,198.32889970833332
2019,1,27,188.45641149999997
2019,1,28,230.97203758333333
2019,1,29,226.00560099999998
2019,1,30,221.77509895833336
2019,1,31,206.7191235
2019,2,1,209.55216795833334
2019,2,2,176.1456145
2019,2,3,169.55549529166666
2019,2,4,210.97180633333335
2019,2,5,206.756690625
2019,2,6,214.37910395833333
2019,2,7,213.73176175
2019,2,8,193.32993404166666
2019,2,9,165.834217125
2019,2,10,157.46763854166667
2019,2,11,176.086725
2019,2,12,169.700685
2019,2,13,173.23655425
2019,2,14,190.36096375
2019,2,15,190.41136816666668
2019,2,16,152.94892545833332
2019,2,17,145.000409625
2019,2,18,189.81833283333333
2019,2,19,187.92610658333334
2019,2,20,181.35555545833333
2019,2,21,179.66833120833334
2019,2,22,172.12734045833335
2019,2,23,145.84852924999998
2019,2,24,145.42063020833334
2019,2,25,177.05308941666667
2019,2,26,173.16899641666666
2019,2,27,180.29719445833334
2019,2,28,178.66838925000002
2019,3,1,181.68230791666667
2019,3,2,161.64959370833333
2019,3,3,152.72103675
2019,3,4,172.32256875
2019,3,5,177.54847604166665
2019,3,6,171.798864125
2019,3,7,163.0384155
2019,3,8,168.12614916666666
2019,3,9,161.74253158333332
2019,3,10,138.08021158333335
2019,3,11,180.00616258333332
2019,3,12,163.47872625
2019,3,13,168.12124883333334
2019,3,14,167.22514704166667
2019,3,15,160.02092170833333
2019,3,16,150.93954812500002
2019,3,17,144.688339
2019,3,18,168.65048983333332
2019,3,19,156.50118116666667
2019,3,20,162.89623358333333
2019,3,21,159.01659054166666
2019,3,22,166.43791970833334
2019,3,23,128.50643995833335
2019,3,24,145.54943475000002
2019,3,25,170.53103133333335
2019,3,26,165.14820829166666
2019,3,27,157.44198308333333
2019,3,28,147.67489345833334
2019,3,29,161.855377625
2019,3,30,164.84019833333335
2019,3,31,134.69653620833333
2019,4,1,165.97031116666668
2019,4,2,182.20025308333334
2019,4,3,167.23009095833334
2019,4,4,143.19802504166668
2019,4,5,148.90610675
2019,4,6,134.63803245833333
2019,4,7,146.33417041666667
2019,4,8,164.88392733333333
2019,4,9,149.56475904166666
2019,4,10,149.56482304166667
2019,4,11,155.68795529166667
2019,4,12,147.37362295833333
2019,4,13,161.64108525
2019,4,14,136.85739708333332
2019,4,15,152.598963375
2019,4,16,147.93605033333333
2019,4,17,156.83231504166667
2019,4,18,147.98267933333332
2019,4,19,109.964654125
2019,4,20,119.20469708333333
2019,4,21,118.89103933333332
2019,4,22,143.05053337500001
2019,4,23,148.63042675
2019,4,24,167.46064545833335
2019,4,25,156.66304854166665
2019,4,26,145.485399125
2019,4,27,131.17230729166667
2019,4,28,131.82552233333334
2019,4,29,155.362217625
2019,4,30,161.67710641666667
2019,5,1,121.095132625
2019,5,2,159.530716625
2019,5,3,169.196111875
2019,5,4,159.43518266666666
2019,5,5,133.31820983333333
2019,5,6,175.39435220833334
2019,5,7,160.50689904166666
2019,5,8,166.13686641666666
2019,5,9,165.16550566666666
2019,5,10,158.62616154166668
2019,5,11,136.723041625
2019,5,12,126.27048679166666
2019,5,13,173.53007295833334
2019,5,14,158.10502166666666
2019,5,15,165.11188791666666
2019,5,16,189.51344670833336
2019,5,17,173.3253307916667
2019,5,18,134.183751875
2019,5,19,141.060466625
2019,5,20,175.259287875
2019,5,21,157.68939758333332
2019,5,22,178.76363933333334
2019,5,23,172.57210045833335
2019,5,24,171.04424795833333
2019,5,25,151.23917695833333
2019,5,26,128.49983070833335
2019,5,27,186.20074279166667
2019,5,28,202.14565858333333
2019,5,29,204.27398137499998
2019,5,30,207.293413625
2019,5,31,223.07167166666667
2019,6,1,215.30179183333334
2019,6,2,163.36412979166667
2019,6,3,224.43589108333333
2019,6,4,219.96032083333333
2019,6,5,226.50360137500002
2019,6,6,227.32927337499999
2019,6,7,223.29445416666667
2019,6,8,217.48180429166666
2019,6,9,175.251561
2019,6,10,212.936413375
2019,6,11,204.8050144166667
2019,6,12,231.15723112499998
2019,6,13,238.105354125
2019,6,14,233.23195870833334
2019,6,15,193.31150029166668
2019,6,16,177.52984908333335
2019,6,17,238.68896220833335
2019,6,18,235.205048
2019,6,19,228.34471420833336
2019,6,20,201.92380870833335
2019,6,21,213.08479579166666
2019,6,22,181.22896266666666
2019,6,23,189.965647125
2019,6,24,231.86171341666667
2019,6,25,227.55350870833334
2019,6,26,229.27950195833333
2019,6,27,227.8605770833333
2019,6,28,232.59475208333333
2019,6,29,183.60417966666668
2019,6,30,164.79559175
2019,7,1,221.106118625
2019,7,2,213.4102345
2019,7,3,208.80476762499998
2019,7,4,213.64572404166665
2019,7,5,226.22549716666666
2019,7,6,187.15061641666668
2019,7,7,192.29029849999998
2019,7,8,233.09027812500003
2019,7,9,205.26446866666666
2019,7,10,207.78991558333334
2019,7,11,214.60752512500002
2019,7,12,205.04464604166665
2019,7,13,173.87749570833333
2019,7,14,162.005731375
2019,7,15,186.08343812500001
2019,7,16,165.48813608333333
2019,7,17,207.06150633333334
2019,7,18,209.11438095833333
2019,7,19,208.14706041666668
2019,7,20,188.39366383333333
2019,7,21,211.18198066666665
2019,7,22,229.42350524999998
2019,7,23,242.72641504166666
2019,7,24,250.69173570833334
2019,7,25,247.03236812499998
2019,7,26,236.37741325000002
2019,7,27,200.01133925
2019,7,28,132.18972320833333
2019,7,29,203.173408625
2019,7,30,194.120468
2019,7,31,195.50563629166666
2019,8,1,220.06339875
2019,8,2,238.65790995833333
2019,8,3,201.20395720833335
2019,8,4,172.64689970833334
2019,8,5,212.9395667916667
2019,8,6,227.53193945833334
2019,8,7,221.38967229166667
2019,8,8,190.29469395833334
2019,8,9,243.97120583333333
2019,8,10,210.53253904166664
2019,8,11,189.8811023333333
2019,8,12,235.43856004166665
2019,8,13,226.173291375
2019,8,14,208.73047533333332
2019,8,15,188.35221754166665
2019,8,16,211.66311733333336
2019,8,17,188.437171625
2019,8,18,181.3951615
2019,8,19,224.38250770833335
2019,8,20,191.39386654166665
2019,8,21,189.22000425
2019,8,22,200.00170212499998
2019,8,23,176.54606608333333
2019,8,24,163.41671449999998
2019,8,25,153.975677125
2019,8,26,182.46404445833332
2019,8,27,186.36559983333333
2019,8,28,215.602265625
2019,8,29,204.28830887499998
2019,8,30,203.62637108333334
2019,8,31,185.1430742916667
2019,9,1,183.66858354166666
2019,9,2,202.72692420833334
2019,9,3,205.89039741666667
2019,9,4,198.34127816666668
2019,9,5,220.29281849999998
2019,9,6,222.16455666666664
2019,9,7,175.1867049583333
2019,9,8,142.73286291304348
2019,9,9,210.78631370833332
2019,9,10,223.76449691666667
2019,9,11,206.65679162499998
2019,9,12,205.65434195833333
2019,9,13,209.68231566666668
2019,9,14,194.96124579166667
2019,9,15,176.78418724999997
2019,9,16,212.50545479166666
2019,9,17,208.255034375
2019,9,18,152.76616679166668
2019,9,19,144.8947535416667
2019,9,20,146.84179270833332
2019,9,21,154.31486408333333
2019,9,22,158.57210675
2019,9,23,193.78518466666665
2019,9,24,195.71900179166667
2019,9,25,206.72925575
2019,9,26,195.92023495833334
2019,9,27,201.4762647916667
2019,9,28,162.65548333333334
2019,9,29,154.18447195833332
2019,9,30,187.03996725000002
2019,10,1,201.8824385833333
2019,10,2,188.631998875
2019,10,3,196.56006175000002
2019,10,4,198.04187129166667
2019,10,5,159.636453875
2019,10,6,152.52541904166665
2019,10,7,177.87169204166665
2019,10,8,194.123359875
2019,10,9,195.90311779166666
2019,10,10,190.63390512499998
2019,10,11,186.49883599999998
2019,10,12,165.27089058333334
2019,10,13,149.70907825
2019,10,14,185.82729295833335
2019,10,15,182.96366941666668
2019,10,16,192.09772808333332
2019,10,17,178.15440854166664
2019,10,18,186.69733595833335
2019,10,19,172.88396641666668
2019,10,20,151.55356579166667
2019,10,21,162.46846737500002
2019,10,22,181.86097804166664
2019,10,23,177.56762129166668
2019,10,24,177.21147270833333
2019,10,25,185.313138375
2019,10,26,175.06828020833333
2019,10,27,169.24207591666666
2019,10,28,200.66913066666666
2019,10,29,188.54536808333333
2019,10,30,198.4857292083333
2019,10,31,163.72102420833332
2019,11,1,149.96656658333333
2019,11,2,157.78692508333333
2019,11,3,196.4443765
2019,11,4,204.67203608333332
2019,11,5,209.03804745833335
2019,11,6,208.71209829166665
2019,11,7,226.84698616666665
2019,11,8,226.9000495
2019,11,9,204.540225
2019,11,10,186.63794062499997
2019,11,11,227.92220958333334
2019,11,12,219.87112712500002
2019,11,13,230.28275216666668
2019,11,14,204.396686875
2019,11,15,220.90143116666664
2019,11,16,201.89347104166666
2019,11,17,181.08009183333334
2019,11,18,224.52882879166668
2019,11,19,226.20230320833332
2019,11,20,240.60739291666667
2019,11,21,247.326679625
2019,11,22,235.07440499999998
2019,11,23,195.505046
2019,11,24,178.4851195
2019,11,25,194.44537904166668
2019,11,26,191.07822058333332
2019,11,27,175.35498308333334
2019,11,28,206.26788504166666
2019,11,29,208.13627170833334
2019,11,30,182.85888724999998
2019,12,1,190.27757229166664
2019,12,2,216.35627833333334
2019,12,3,215.99142241666667
2019,12,4,208.01443429166667
2019,12,5,228.22014745833334
2019,12,6,222.55562366666666
2019,12,7,176.78384829166666
2019,12,8,180.20079233333334
2019,12,9,218.37968308333333
2019,12,10,211.48626033333335
2019,12,11,214.91499391666665
2019,12,12,218.28939033333333
2019,12,13,218.3266754583333
2019,12,14,172.50200791666666
2019,12,15,165.18012216666668
2019,12,16,207.74868579166665
2019,12,17,222.67234812499998
2019,12,18,210.32537154166667
2019,12,19,196.1390757083333
2019,12,20,226.00038920833333
2019,12,21,197.4365420833333
2019,12,22,189.98661120833333
2019,12,23,251.66194995833334
2019,12,24,228.63622304166665
2019,12,25,188.481108375
2019,12,26,230.51540191666666
2019,12,27,234.37627604166667
2019,12,28,195.061586125
2019,12,29,189.72807008333334
2019,12,30,237.940543625
2019,12,31,219.55681404166668
2020,1,1,199.23570070833333
2020,1,2,232.373945875
2020,1,3,232.33003562500002
2020,1,4,202.853358375
2020,1,5,182.65739166666665
2020,1,6,184.3576255416667
2020,1,7,177.15608841666668
2020,1,8,181.52179583333336
2020,1,9,191.59161020833335
2020,1,10,202.49949345833332
2020,1,11,195.38717058333336
2020,1,12,213.12565045833333
2020,1,13,222.5526992916667
2020,1,14,225.3668746666667
2020,1,15,229.76039600000001
2020,1,16,221.31097604166666
2020,1,17,231.94573629166666
2020,1,18,209.479026375
2020,1,19,198.67524275000002
2020,1,20,223.33768641666666
2020,1,21,234.63649033333334
2020,1,22,219.91020058333334
2020,1,23,222.75730504166665
2020,1,24,222.09418762500002
2020,1,25,205.22588270833333
2020,1,26,193.53015274999998
2020,1,27,232.1729701666667
2020,1,28,223.676003
2020,1,29,203.17920391666667
2020,1,30,201.0441925
2020,1,31,211.69603204166665
2020,2,1,185.72349954166668
2020,2,2,182.148288625
2020,2,3,198.77709020833333
2020,2,4,193.68278462499998
2020,2,5,181.64139270833334
2020,2,6,173.71394754166667
2020,2,7,188.93296075
2020,2,8,163.164466
2020,2,9,159.87197329166668
2020,2,10,203.168164875
2020,2,11,204.99357666666666
2020,2,12,203.16603324999997
2020,2,13,189.43458308333334
2020,2,14,187.55031308333332
2020,2,15,180.37169337499998
2020,2,16,148.593536375
2020,2,17,176.91431229166668
2020,2,18,191.58161954166667
2020,2,19,181.20187383333334
2020,2,20,205.15829070833334
2020,2,21,188.53674483333336
2020,2,22,161.06430654166667
2020,2,23,170.43607504166667
2020,2,24,184.78986529166664
2020,2,25,181.330221625
2020,2,26,195.7940177083333
2020,2,27,181.73398229166665
2020,2,28,198.44962504166665
2020,2,29,162.79354570833334
2020,3,1,147.582304375
2020,3,2,174.42101770833332
2020,3,3,182.46783141666666
2020,3,4,182.58500700000002
2020,3,5,161.90155241666668
2020,3,6,180.81905854166666
2020,3,7,152.722399875
2020,3,8,156.21060674999998
2020,3,9,200.33840479166668
2020,3,10,196.76782554166667
2020,3,11,185.330263875
2020,3,12,174.450900125
2020,3,13,164.18103625
2020,3,14,146.63434458333333
2020,3,15,138.533312125
2020,3,16,137.221611625
2020,3,17,160.775899
2020,3,18,160.59002225
2020,3,19,154.46763041666665
2020,3,20,142.96306074999998
2020,3,21,114.25453625
2020,3,22,128.488812125
2020,3,23,150.17746225
2020,3,24,145.97784858333333
2020,3,25,144.25366045833331
2020,3,26,135.564503
2020,3,27,112.05060029166667
2020,3,28,106.71537079166667
2020,3,29,109.78141408333333
2020,3,30,121.15622429166666
2020,3,31,128.03294854166666
2020,4,1,141.940114625
2020,4,2,136.06872945833334
2020,4,3,128.190831375
2020,4,4,125.70296779166667
2020,4,5,112.68100937499999
2020,4,6,123.88613508333333
2020,4,7,123.84071349999999
2020,4,8,116.25056929166668
2020,4,9,104.61555425
2020,4,10,99.92951162499999
2020,4,11,119.05859279166667
2020,4,12,104.53134329166666
2020,4,13,107.03072387499999
2020,4,14,108.47179120833333
2020,4,15,107.07842029166666
2020,4,16,104.57759800000001
2020,4,17,105.84767291666667
2020,4,18,91.66459191666667
2020,4,19,89.69518495833334
2020,4,20,117.06750070833334
2020,4,21,115.429580375
2020,4,22,110.97005279166666
2020,4,23,111.69434620833334
2020,4,24,129.06863879166667
2020,4,25,127.09857412500001
2020,4,26,124.89768479166666
2020,4,27,122.97964354166668
2020,4,28,121.91399283333334
2020,4,29,117.296853
2020,4,30,129.08056929166665
2020,5,1,112.64576041666668
2020,5,2,116.395189625
2020,5,3,116.24602691666666
2020,5,4,131.69690416666666
2020,5,5,122.948106625
2020,5,6,127.92711608333333
2020,5,7,140.89908883333334
2020,5,8,129.30603920833332
2020,5,9,109.41160316666667
2020,5,10,110.495620625
2020,5,11,137.19599008333333
2020,5,12,147.31980708333333
2020,5,13,132.58061454166668
2020,5,14,138.56863725
2020,5,15,146.57134329166666
2020,5,16,150.78580358333332
2020,5,17,130.43013670833332
2020,5,18,139.02035441666666
2020,5,19,155.34658008333335
2020,5,20,160.45370725
2020,5,21,150.39209375
2020,5,22,164.058330125
2020,5,23,154.275816125
2020,5,24,139.88935233333333
2020,5,25,145.86192104166665
2020,5,26,144.95795354166668
2020,5,27,166.60233354166667
2020,5,28,172.73625795833334
2020,5,29,170.09599958333334
2020,5,30,144.11135820833331
2020,5,31,130.37752654166667
2020,6,1,117.225233
2020,6,2,119.17495620833334
2020,6,3,147.92573533333334
2020,6,4,133.558854375
2020,6,5,126.873212875
2020,6,6,129.117816375
2020,6,7,127.02710520833334
2020,6,8,148.22975208333332
2020,6,9,119.955888625
2020,6,10,138.96844920833334
2020,6,11,182.40289966666668
2020,6,12,173.3455904583333
2020,6,13,158.12215533333332
2020,6,14,139.42250225
2020,6,15,155.0565077916667
2020,6,16,164.52907979166665
2020,6,17,171.0226639583333
2020,6,18,189.88587654166668
2020,6,19,182.42368041666668
2020,6,20,184.37501808333332
2020,6,21,160.33177991666668
2020,6,22,195.41658720833334
2020,6,23,180.60370508333335
2020,6,24,184.04086016666668
2020,6,25,194.01449725
2020,6,26,194.46943329166666
2020,6,27,164.32953366666666
2020,6,28,176.3198324583333
2020,6,29,183.82482808333336
2020,6,30,201.80861183333332
2020,7,1,198.97925404166665
2020,7,2,173.35745345833334
2020,7,3,167.08564416666667
2020,7,4,182.00920745833332
2020,7,5,159.6075665
2020,7,6,177.94193362500002
2020,7,7,185.58208520833332
2020,7,8,177.15283970833332
2020,7,9,174.7157747916667
2020,7,10,160.41748666666666
2020,7,11,174.45582891666666
2020,7,12,133.28896958333334
2020,7,13,173.35458595833333
2020,7,14,184.46323954166667
2020,7,15,179.0265530416667
2020,7,16,186.39123245833332
2020,7,17,201.586172
2020,7,18,199.65635845833333
2020,7,19,95.04607779166668
2020,7,20,202.02252579166668
2020,7,21,232.59698733333335
2020,7,22,216.61125395833335
2020,7,23,234.445725125
2020,7,24,216.290247375
2020,7,25,223.20428179166666
2020,7,26,206.463209
2020,7,27,224.67141412499998
2020,7,28,211.38321120833334
2020,7,29,199.99818091666668
2020,7,30,197.42498645833334
2020,7,31,180.55050725
2020,8,1,173.74107458333333
2020,8,2,156.55259383333333
2020,8,3,169.71783754166668
2020,8,4,167.72993895833335
2020,8,5,170.66661487500002
2020,8,6,163.13782045833332
2020,8,7,163.35493808333334
2020,8,8,141.875624
2020,8,9,138.50079225
2020,8,10,167.174792
2020,8,11,183.06564154166665
2020,8,12,195.64984429166668
2020,8,13,212.40093658333333
2020,8,14,222.05922495833332
2020,8,15,216.94773208333334
2020,8,16,205.08579804166666
2020,8,17,205.91268766666667
2020,8,18,209.44526941666666
2020,8,19,203.76553887499998
2020,8,20,200.53222774999998
2020,8,21,183.7376524166667
2020,8,22,156.29147445833334
2020,8,23,151.00068858333333
2020,8,24,172.689340375
2020,8,25,191.85076945833336
2020,8,26,195.29699770833335
2020,8,27,200.06920333333335
2020,8,28,207.73214916666666
2020,8,29,180.991432125
2020,8,30,169.936816875
2020,8,31,191.46967779166667
2020,9,1,209.88718749999998
2020,9,2,194.80328579166667
2020,9,3,189.30097608333335
2020,9,4,190.78302854166668
2020,9,5,155.03268025
2020,9,6,172.8486477826087
2020,9,7,171.93347204166665
2020,9,8,195.0103645416667
2020,9,9,181.68847641666665
2020,9,10,180.44803329166666
2020,9,11,169.86101166666666
2020,9,12,145.65077329166667
2020,9,13,138.99086983333333
2020,9,14,182.70187754166668
2020,9,15,183.20202458333333
2020,9,16,181.10764104166665
2020,9,17,176.92624486363636
2020,9,18,154.48835179166667
2020,9,19,154.966004
2020,9,20,157.38059954166667
2020,9,21,168.24087395833334
2020,9,22,188.51845808333334
2020,9,23,194.54958299999998
2020,9,24,203.22997545833334
2020,9,25,197.83985279166666
2020,9,26,171.176156375
2020,9,27,152.45856129166665
2020,9,28,185.46577866666667
2020,9,29,198.681455
2020,9,30,186.30007208333333
2020,10,1,186.62795779166666
2020,10,2,196.72665191666667
2020,10,3,172.16555016666666
2020,10,4,157.94876133333335
2020,10,5,202.66467570833333
2020,10,6,207.7515899166667
2020,10,7,202.552108625
2020,10,8,198.29083329166667
2020,10,9,208.90655274999997
2020,10,10,195.82277895833332
2020,10,11,212.85593325
2020,10,12,211.50783595833332
2020,10,13,235.13229395833332
2020,10,14,227.71868320833335
2020,10,15,224.73889016666666
2020,10,16,220.96689029166666
2020,10,17,211.84879945833333
2020,10,18,201.19001820833333
2020,10,19,229.74410266666666
2020,10,20,219.88002066666664
2020,10,21,227.34229258333335
2020,10,22,245.41036070833334
2020,10,23,237.33043808333332
2020,10,24,215.74908887499998
2020,10,25,198.19872879166667
2020,10,26,227.987638125
2020,10,27,227.61402570833334
2020,10,28,216.77326004166665
2020,10,29,231.6774141666667
2020,10,30,231.13694658333335
2020,10,31,203.5508700833333
2020,11,1,206.37768400000002
2020,11,2,215.72199629166667
2020,11,3,224.8292145
2020,11,4,253.380768625
2020,11,5,234.35308633333332
2020,11,6,171.74632158333335
2020,11,7,171.86282625
2020,11,8,200.16598420833336
2020,11,9,219.517317125
2020,11,10,225.16816737500002
2020,11,11,221.09872325
2020,11,12,233.21341416666667
2020,11,13,223.48395349999998
2020,11,14,196.31339316666666
2020,11,15,192.05405837499998
2020,11,16,217.63330604166666
2020,11,17,207.71287879166667
2020,11,18,209.24473708333335
2020,11,19,205.24358375
2020,11,20,210.40111333333334
2020,11,21,186.22435308333334
2020,11,22,182.744475375
2020,11,23,210.83372766666665
2020,11,24,217.3536285
2020,11,25,221.02451925
2020,11,26,237.12420462499998
2020,11,27,227.57310108333334
2020,11,28,214.52485529166665
2020,11,29,213.78996637499998
2020,11,30,254.718649
2020,12,1,248.1491905833333
2020,12,2,232.27743041666668
2020,12,3,246.32301854166667
2020,12,4,243.68470054166667
2020,12,5,219.32385720833335
2020,12,6,214.14775579166667
2020,12,7,221.04506866666668
2020,12,8,195.24423454166666
2020,12,9,224.6278501666667
2020,12,10,224.0775085
2020,12,11,223.93760629166664
2020,12,12,209.72392616666664
2020,12,13,201.2516446666667
2020,12,14,235.42165075
2020,12,15,243.77851979166667
2020,12,16,230.48369441666668
2020,12,17,228.30936783333334
2020,12,18,211.24050841666667
2020,12,19,182.1519575
2020,12,20,182.01888420833333
2020,12,21,221.73749066666667
2020,12,22,242.49157816666664
2020,12,23,233.44868579166666
2020,12,24,226.3059977083333
2020,12,25,202.35629691666668
2020,12,26,206.05241766666666
2020,12,27,196.74605366666665
2020,12,28,231.514329
2020,12,29,223.84559224999998
2020,12,30,226.80534387499998
2020,12,31,217.83119645833335
2021,1,1,193.823444
2021,1,2,196.83182724999998
2021,1,3,197.18851358333333
2021,1,4,235.59950229166668
2021,1,5,221.14460679166666
2021,1,6,220.19129112500002
2021,1,7,222.66547695833333
2021,1,8,212.86329895833333
2021,1,9,177.33267575
2021,1,10,169.3904247083333
2021,1,11,204.33479108333333
2021,1,12,213.71187066666667
2021,1,13,216.33107420833335
2021,1,14,210.92508645833334
2021,1,15,202.9936286666667
2021,1,16,199.0050085833333
2021,1,17,195.05788195833335
2021,1,18,226.06078404166666
2021,1,19,218.28694562500002
2021,1,20,210.9002795
2021,1,21,215.3430598333333
2021,1,22,217.62802345833333
2021,1,23,200.41908358333333
2021,1,24,197.608518875
2021,1,25,210.83914320833333
2021,1,26,194.66077475
2021,1,27,190.73330754166668
2021,1,28,195.13443341666667
2021,1,29,184.52994650000002
2021,1,30,164.93133491666666
2021,1,31,157.75580066666666
2021,2,1,170.587401125
2021,2,2,165.78152554166667
2021,2,3,170.23116975
2021,2,4,170.68540479166666
2021,2,5,174.00013266666667
2021,2,6,159.70202437499998
2021,2,7,154.2623020416667
2021,2,8,177.79838820833334
2021,2,9,179.64425316666666
2021,2,10,183.5173705
2021,2,11,183.2953247083333
2021,2,12,175.07845170833332
2021,2,13,153.01061120833333
2021,2,14,147.72975525
2021,2,15,160.38143854166665
2021,2,16,168.51419504166668
2021,2,17,174.44473337499997
2021,2,18,164.50825508333332
2021,2,19,170.49945758333334
2021,2,20,157.562491875
2021,2,21,161.25604808333333
2021,2,22,176.72434904166667
2021,2,23,183.90469695833335
2021,2,24,180.8858360416667
2021,2,25,174.76502954166665
2021,2,26,173.154555875
2021,2,27,163.0064315
2021,2,28,163.52537866666668
2021,3,1,178.42305795833332
2021,3,2,168.82142591666667
2021,3,3,171.68232979166666
2021,3,4,186.45904525
2021,3,5,182.37472004166668
2021,3,6,159.39711137499998
2021,3,7,156.79174237499998
2021,3,8,187.63744620833333
2021,3,9,179.92348512499998
2021,3,10,184.27452108333333
2021,3,11,177.21265779166666
2021,3,12,169.91130104166666
2021,3,13,152.3631985
2021,3,14,145.52486029166667
2021,3,15,148.34171020833332
2021,3,16,134.9777295
2021,3,17,140.93902533333332
2021,3,18,148.47541075
2021,3,19,138.93093104166667
2021,3,20,121.12396324999999
2021,3,21,132.651656375
2021,3,22,143.89263
2021,3,23,152.7333905
2021,3,24,154.40430914285713
2021,3,25,149.431235
2021,3,26,135.9320865
2021,3,27,116.62934275
2021,3,28,141.7464334
2021,3,29,125.7053305
2021,3,30,136.33636685714285
2021,3,31,129.37797370833334
2021,4,1,125.09537525
2021,4,2,126.449993625
2021,4,3,140.9449965
2021,4,4,124.22842695833333
2021,4,5,140.02405775
2021,4,6,140.25454425
2021,4,7,140.72433266666667
2021,4,8,136.73803495833332
2021,4,9,134.96067783333334
2021,4,10,129.85576725
2021,4,11,136.07741470833332
2021,4,12,148.0930665
2021,4,13,142.77336304166667
2021,4,14,132.29978666666668
2021,4,15,134.60650358333334
2021,4,16,139.45218554166667
2021,4,17,127.53925241666667
2021,4,18,119.87466762499999
2021,4,19,121.9166725
2021,4,20,132.59788291666666
2021,4,21,128.50399129166667
2021,4,22,133.96162920833333
2021,4,23,138.24558925
2021,4,24,132.100384125
2021,4,25,133.93285575000002
2021,4,26,130.9693355
2021,4,27,128.16508333333334
2021,4,28,143.04954999999998
2021,4,29,133.14524575
2021,4,30,136.76011766666667
2021,5,1,142.18796645833334
2021,5,2,143.925913
2021,5,3,177.44921408333335
2021,5,4,190.1800525
2021,5,5,179.33549320833333
2021,5,6,176.2653801818182
2021,5,7,172.23091270833334
2021,5,8,158.25870970833333
2021,5,9,136.14059591666665
2021,5,10,156.253533
2021,5,11,163.09798108333334
2021,5,12,162.32899691666668
2021,5,13,159.90542395833333
2021,5,14,140.13139820833334
2021,5,15,123.63427295833333
2021,5,16,126.75591416666667
2021,5,17,160.309491
2021,5,18,190.14618099999998
2021,5,19,186.7470495
2021,5,20,186.50290545833334
2021,5,21,169.33854791666667
2021,5,22,165.68701383333334
2021,5,23,132.403246
2021,5,24,155.224213125
2021,5,25,150.01814775
2021,5,26,142.74165895833332
2021,5,27,132.45114295833332
2021,5,28,127.87343308333334
2021,5,29,118.81053041666667
2021,5,30,106.221063
2021,5,31,129.45217029166668
2021,6,1,155.462746
2021,6,2,159.33468920833334
2021,6,3,158.71307349999998
2021,6,4,166.95233658333333
2021,6,5,146.431140875
2021,6,6,133.64789954166667
2021,6,7,145.69841441666668
2021,6,8,132.71194954166666
2021,6,9,151.73612058333333
2021,6,10,155.30396916666666
2021,6,11,146.445557625
2021,6,12,130.35255866666668
2021,6,13,121.41965579166667
2021,6,14,143.564137
2021,6,15,146.76710170833334
2021,6,16,135.11571254166668
2021,6,17,141.2401015833333
2021,6,18,135.295799875
2021,6,19,121.28339491666667
2021,6,20,100.41570825000001
2021,6,21,125.09386283333333
2021,6,22,135.0982895
2021,6,23,157.74899279166667
2021,6,24,166.32493925
2021,6,25,168.95435675000002
2021,6,26,147.12734141666667
2021,6,27,144.982639375
2021,6,28,139.70846383333333
2021,6,29,145.52628508333333
2021,6,30,151.43768525
2021,7,1,147.91965895833334
2021,7,2,136.1233695
2021,7,3,131.42296066666668
2021,7,4,96.19387783333333
2021,7,5,136.65822833333334
2021,7,6,155.23028675
2021,7,7,147.70245233333333
2021,7,8,147.57229404166665
2021,7,9,145.15197895833333
2021,7,10,133.770845
2021,7,11,132.678068625
2021,7,12,166.77698741666669
2021,7,13,162.839577125
2021,7,14,165.65418254166667
2021,7,15,142.59361475
2021,7,16,123.98209716666668
2021,7,17,126.76495125000001
2021,7,18,116.62164970833334
2021,7,19,144.594186125
2021,7,20,143.594482375
2021,7,21,128.67588633333335
2021,7,22,123.084573125
2021,7,23,133.06162858333334
2021,7,24,129.76600104166667
2021,7,25,124.84531541666666
2021,7,26,139.56996533333333
2021,7,27,145.99170595833334
2021,7,28,156.0851275
2021,7,29,143.47472470833333
2021,7,30,129.83320341666666
2021,7,31,136.16383125000002
2021,8,1,137.33390308333333
2021,8,2,143.589878125
2021,8,3,144.63362604166667
2021,8,4,141.77387725
2021,8,5,155.24326366666665
2021,8,6,134.1722355
2021,8,7,137.44495458333333
2021,8,8,120.35162466666667
2021,8,9,154.997897375
2021,8,10,159.79896062499998
2021,8,11,150.96411220833332
2021,8,12,161.79220033333334
2021,8,13,149.67084954166668
2021,8,14,123.789636625
2021,8,15,131.57641266666667
2021,8,16,166.33043995833333
2021,8,17,162.858414875
2021,8,18,182.01087716666666
2021,8,19,186.45874245833332
2021,8,20,187.62162775000002
2021,8,21,175.86565683333333
2021,8,22,154.26727579166666
2021,8,23,189.65240708333332
2021,8,24,186.310398
2021,8,25,185.45769875
2021,8,26,174.12613370833333
2021,8,27,197.273970375
2021,8,28,163.01531441666666
2021,8,29,144.289788375
2021,8,30,167.94817316666666
2021,8,31,179.67013925
2021,9,1,185.66760358333332
2021,9,2,170.21732329166667
2021,9,3,175.49488708333334
2021,9,4,147.65372604166666
2021,9,5,135.23416960869565
2021,9,6,169.974818
2021,9,7,170.08675454166666
2021,9,8,169.27277766666666
2021,9,9,173.463054625
2021,9,10,156.26798258333335
2021,9,11,147.35694683333335
2021,9,12,138.30438208333334
2021,9,13,169.02338791666668
2021,9,14,171.53182704166667
2021,9,15,168.315952375
2021,9,16,147.9374435
2021,9,17,139.40207733333332
2021,9,18,124.9014175
2021,9,19,136.15185591666668
2021,9,20,166.662038125
2021,9,21,157.3238855
2021,9,22,149.03421679166667
2021,9,23,146.45455716666666
2021,9,24,145.70419358333334
2021,9,25,154.02953529166666
2021,9,26,141.23643279166666
2021,9,27,168.98982620833334
2021,9,28,170.6662395
2021,9,29,170.09115104166668
2021,9,30,178.84554729166666
2021,10,1,172.9306420416667
2021,10,2,141.25597808333333
2021,10,3,156.53818220833332
2021,10,4,165.08968591666667
2021,10,5,175.574564
2021,10,6,165.15870191666667
2021,10,7,158.39454145833335
2021,10,8,158.83365183333333
2021,10,9,130.755725
2021,10,10,118.87029241666666
2021,10,11,138.54349304166666
2021,10,12,151.7305485
2021,10,13,172.57786775
2021,10,14,190.04005741666666
2021,10,15,191.04044708333333
2021,10,16,174.36681270833333
2021,10,17,169.90037966666668
2021,10,18,185.55434508333335
2021,10,19,194.29866416666667
2021,10,20,186.35721004166666
2021,10,21,184.2924835
2021,10,22,185.46961195833333
2021,10,23,167.11092329166667
2021,10,24,144.52280041666668
2021,10,25,179.937484125
2021,10,26,201.12814866666668
2021,10,27,194.50532854166667
2021,10,28,192.86874829166666
2021,10,29,198.38967404166667
2021,10,30,196.46942758333333
2021,10,31,180.65045324999997
2021,11,1,181.723690125
2021,11,2,191.23349475
2021,11,3,193.39433316666666
2021,11,4,196.20822329166666
2021,11,5,198.0362615
2021,11,6,188.02844675000003
2021,11,7,178.55573079166666
2021,11,8,204.51315666666667
2021,11,9,211.79201066666667
2021,11,10,206.31023491666667
2021,11,11,204.25473587500002
2021,11,12,181.5604452916667
2021,11,13,151.98876741666666
2021,11,14,141.72532845833334
2021,11,15,162.169362375
2021,11,16,182.63188216666666
2021,11,17,183.23348395833332
2021,11,18,176.12341479166665
2021,11,19,166.00702804166667
2021,11,20,154.34948520833333
2021,11,21,141.892675875
2021,11,22,179.11887804166668
2021,11,23,185.774951
2021,11,24,172.92633645833334
2021,11,25,172.69900625
2021,11,26,175.016172625
2021,11,27,158.02128454166666
2021,11,28,140.68396629166668
2021,11,29,167.77697129166668
2021,11,30,162.190875375
2021,12,1,155.97190158333333
2021,12,2,173.80325020833334
2021,12,3,172.06469958333332
2021,12,4,68.71078075
2021,12,5,74.370024625
2021,12,6,176.46858733333332
2021,12,7,176.78018991666667
2021,12,8,168.940375375
2021,12,9,178.17716804166665
2021,12,10,177.56986029166669
2021,12,11,117.33567845833333
2021,12,12,142.68767666666665
2021,12,13,163.30441916666666
2021,12,14,164.92291866666667
2021,12,15,168.70254695833333
2021,12,16,184.62935733333333
2021,12,17,177.6059165
2021,12,18,178.786641875
2021,12,19,174.18010708333335
2021,12,20,209.78351370833332
2021,12,21,202.56565970833333
2021,12,22,194.286253125
2021,12,23,182.68116879166666
2021,12,24,179.28715387499997
2021,12,25,161.792396
2021,12,26,174.354662
2021,12,27,190.524467
2021,12,28,180.28908041666668
2021,12,29,170.42818104166668
2021,12,30,168.070907125
2021,12,31,161.44202208333334
